/*
Navicat MySQL Data Transfer

Source Server         : localhost_3306
Source Server Version : 50529
Source Host           : localhost:3306
Source Database       : market

Target Server Type    : MYSQL
Target Server Version : 50529
File Encoding         : 65001

Date: 2013-06-26 04:51:58
*/

DROP DATABASE IF EXISTS market;
CREATE DATABASE market;
USE market;

SET FOREIGN_KEY_CHECKS=0;

-- ----------------------------
-- Table structure for `admins`
-- ----------------------------
DROP TABLE IF EXISTS `admins`;
CREATE TABLE `admins` (
  `id` bigint(20) NOT NULL AUTO_INCREMENT,
  `account` varchar(18) NOT NULL,
  `added_time` datetime DEFAULT NULL,
  `extra` varchar(255) DEFAULT NULL,
  `last_login_ip` varchar(255) DEFAULT NULL,
  `last_login_time` datetime DEFAULT NULL,
  `name` varchar(7) NOT NULL,
  `password` varchar(32) NOT NULL,
  PRIMARY KEY (`id`)
) ENGINE=InnoDB AUTO_INCREMENT=2 DEFAULT CHARSET=utf8;

-- ----------------------------
-- Records of admins
-- ----------------------------
INSERT INTO `admins` VALUES ('1', 'admin123', null, null, null, null, '超级管理员', 'e10adc3949ba59abbe56e057f20f883e');

-- ----------------------------
-- Table structure for `categories`
-- ----------------------------
DROP TABLE IF EXISTS `categories`;
CREATE TABLE `categories` (
  `id` bigint(20) NOT NULL AUTO_INCREMENT,
  `added_time` datetime DEFAULT NULL,
  `description` varchar(255) NOT NULL,
  `extra` varchar(255) DEFAULT NULL,
  `name` varchar(18) NOT NULL,
  PRIMARY KEY (`id`)
) ENGINE=InnoDB AUTO_INCREMENT=8 DEFAULT CHARSET=utf8;

-- ----------------------------
-- Records of categories
-- ----------------------------
INSERT INTO `categories` VALUES ('1', '2013-06-23 16:39:12', '各种二手电脑。。。', null, '电脑及其配件');
INSERT INTO `categories` VALUES ('2', '2013-06-23 16:39:15', '各种手机。。。', null, '手机及其配件');
INSERT INTO `categories` VALUES ('3', '2013-06-23 16:39:17', '各种数码产品。。。', null, '数码产品');
INSERT INTO `categories` VALUES ('4', '2013-06-23 16:39:21', '各种书籍。。。', null, '图书音像');
INSERT INTO `categories` VALUES ('5', '2013-06-23 16:39:24', '各种生活用品。。。', null, '生活用品');
INSERT INTO `categories` VALUES ('6', '2013-06-23 16:39:26', '各种文体用品。。。', null, '文体用品');
INSERT INTO `categories` VALUES ('7', '2013-06-23 16:39:28', '其他各类物品。。。', null, '其他');

-- ----------------------------
-- Table structure for `items`
-- ----------------------------
DROP TABLE IF EXISTS `items`;
CREATE TABLE `items` (
  `id` bigint(20) NOT NULL AUTO_INCREMENT,
  `added_time` datetime DEFAULT NULL,
  `blocked` tinyint(1) DEFAULT NULL,
  `click_times` bigint(20) DEFAULT NULL,
  `closed` tinyint(1) DEFAULT NULL,
  `deal` tinyint(1) DEFAULT NULL,
  `description` varchar(255) NOT NULL,
  `extra` varchar(255) DEFAULT NULL,
  `last_modified_time` datetime DEFAULT NULL,
  `name` varchar(18) NOT NULL,
  `price` float NOT NULL,
  `category_id` bigint(20) NOT NULL,
  `seller_id` bigint(20) NOT NULL,
  PRIMARY KEY (`id`),
  KEY `FK_6340poj8wavc5f55yo6dge8x1` (`category_id`),
  KEY `FK_l6wewf7a4002nndis9jm52x64` (`seller_id`),
  CONSTRAINT `FK_6340poj8wavc5f55yo6dge8x1` FOREIGN KEY (`category_id`) REFERENCES `categories` (`id`),
  CONSTRAINT `FK_l6wewf7a4002nndis9jm52x64` FOREIGN KEY (`seller_id`) REFERENCES `users` (`id`)
) ENGINE=InnoDB AUTO_INCREMENT=134 DEFAULT CHARSET=utf8;

-- ----------------------------
-- Records of items
-- ----------------------------
INSERT INTO `items` VALUES ('1', '2012-06-20 15:30:26', '0', '3', '0', '0', '刚买回来，九成新！！', null, '2012-06-20 15:30:26', '华硕笔记本电脑', '2999', '1', '5');
INSERT INTO `items` VALUES ('2', '2012-06-21 15:30:36', '0', '3', '0', '0', '刚买回来，九成新！！', null, '2012-06-21 15:30:26', '华硕台式显示器', '500', '1', '5');
INSERT INTO `items` VALUES ('3', '2012-06-18 15:30:26', '0', '3', '0', '1', '八成新，1G内存，附送8G内存卡', null, '2012-06-20 15:30:26', 'HTC-t328d  3G手机', '1000', '2', '1');
INSERT INTO `items` VALUES ('4', '2012-06-21 15:30:26', '0', '3', '1', '0', '八成新的电脑键盘', null, '2012-06-21 15:30:26', '电脑键盘', '15', '1', '1');
INSERT INTO `items` VALUES ('5', '2012-06-17 15:30:26', '0', '3', '0', '0', ' 简单介绍一下。 cpu是酷睿双核T7250 主频2.0GHZ 的 内存1GB 硬盘120G 独立显卡 512MB 14寸宽屏 外观黑色钢琴烤漆 成色9成新 机身内置有 摄像头 无线网卡 光驱等功能。详情请电话联系吧。 18260811293\n', null, '2012-06-20 15:31:26', '华硕笔记本一台', '1250', '1', '1');
INSERT INTO `items` VALUES ('6', '2012-06-18 15:22:26', '0', '3', '0', '0', '地址:星湖路电子科技广场8楼812-813。我们主要做:三星显示器、戴尔显示器、飞利浦显示、AOC 显示、HYC显示器。华硕主板、技嘉主板、昂达主板、华擎主板、铭瑄主板。影驰显卡、蓝宝石显卡、技嘉显卡、铭瑄显卡。金河田机箱、游戏悍将机箱、建业机箱。航嘉电源、顺达电源、金河田电源。三大件、鼠标键盘、CPU散热风扇等', null, '2012-06-20 15:23:26', '组装机显示器配件大优惠 ', '200', '1', '1');
INSERT INTO `items` VALUES ('7', '2012-06-20 15:20:26', '0', '3', '0', '0', '适用于k56 A46 K46 R405 R505 R550,本人电脑刚买了一个月不到，就被偷了，这块电池只用了两次，我们一个宿舍就被偷了四台，欲哭无泪啊，现在在这里进行转让，有需要的朋友请联系我。', null, '2012-06-20 15:25:26', '华硕A56原装电池', '110', '1', '1');
INSERT INTO `items` VALUES ('8', '2012-06-20 15:10:26', '0', '3', '0', '0', '本人大批量出售全新电脑、手机以及电脑耗材，价格优惠，品质保证！', null, '2012-06-20 15:26:26', '全新笔记本电脑、手机、相机', '3500', '1', '2');
INSERT INTO `items` VALUES ('9', '2012-05-20 15:20:26', '0', '3', '0', '0', '散热性能非常好   爱本本的走起', null, '2012-07-20 15:25:26', '电脑散热器', '10', '1', '2');
INSERT INTO `items` VALUES ('10', '2013-01-20 15:20:26', '0', '3', '0', '0', ' jiaohuanji', null, '2013-01-20 15:25:26', '八孔路交换机', '10', '1', '2');
INSERT INTO `items` VALUES ('11', '2013-02-20 15:20:26', '0', '3', '0', '0', '转电脑主机，amd5000+双核,2G内存，80G硬盘，512M独显 ,玩游戏，上网看电影都够了，要的联系。', null, '2013-02-20 15:25:26', '电脑主机', '560', '1', '2');
INSERT INTO `items` VALUES ('12', '2013-02-20 10:20:26', '0', '3', '0', '0', '1。30块钱，可以用学校的2M宽带，只能学校用。2。卡我用着打电话的，每天发密码给你。\n', null, '2013-01-20 10:25:26', '2M学校宽带', '30', '1', '3');
INSERT INTO `items` VALUES ('13', '2013-02-02 10:20:26', '0', '3', '0', '0', '本人购置的散热器原价为35，后来没怎么用，一直放着，现在低价卖出去，有意者请私信，非诚勿扰', null, '2013-01-02 10:25:26', '笔记本电脑散热器', '10', '1', '3');
INSERT INTO `items` VALUES ('14', '2013-02-25 10:20:26', '0', '3', '0', '0', '我是学生，在西大21栋欢迎看货，我只卖学生，这个屏幕是完美屏无瑕疵，屏幕亮清晰，牌子虽是清华同方不是国际大品牌，但是也对得起19寸二手屏这个价钱，因为大家都是学生所以我也不想多赚多少，但是自己没有用放着也是占地方，所以才这么便宜，你们速度来秒吧。', null, '2013-02-25 10:25:26', '19寸宽屏液晶完美屏', '250', '1', '3');
INSERT INTO `items` VALUES ('15', '2013-02-15 10:20:26', '0', '3', '0', '0', '此显示器七成新，有意向购买者可以打我电话：李先生，15078894546', null, '2013-02-15 10:25:26', '三星17寸大屁股显示器', '70', '1', '3');
INSERT INTO `items` VALUES ('16', '2013-02-22 17:20:26', '0', '3', '0', '0', '自己买的游戏机。只和朋友拼了一次就放着了，机器是索尼的。会玩的朋友都懂。赠30个游戏盘，手柄都是两个，买的话送四个。价格可以小刀。机器是四月买的。', null, '2013-02-22 17:25:26', '索尼游戏机震感手柄', '850', '1', '3');
INSERT INTO `items` VALUES ('17', '2013-02-17 10:20:26', '0', '19', '0', '0', '全新：双核 /2G内存/500G硬盘/19寸液晶显示器=双核电脑仅售1799元！还有更多不同配置的双核、四核组装电脑、品牌笔记本电脑出售，绝对全新，假一赔十咨询QQ：847471785 \n', null, '2013-02-17 10:25:26', '台式电脑', '2580', '1', '3');
INSERT INTO `items` VALUES ('18', '2013-02-17 11:20:26', '0', '20', '0', '0', '手机刚买不久.都没用过手机可以说全新的、现在没生活费用了诚意让出去.配件什么的都还在', null, '2013-02-17 11:25:26', '转让iphoen4 港版16G', '1550', '2', '4');
INSERT INTO `items` VALUES ('19', '2013-02-18 11:20:26', '0', '3', '0', '0', '8.5新，有发票可换也可补差价，本人还有诸多闲置物品如小刀啊，单车啊，等等，有意私聊1135394627', null, '2013-02-18 11:20:26', '天语小黄蜂联通版智能机', '275', '2', '5');
INSERT INTO `items` VALUES ('20', '2013-03-30 11:20:26', '0', '3', '0', '0', '苹果3G手机，低价转让', null, '2013-03-30 11:20:26', '低价转让苹果3G手机', '550', '2', '5');
INSERT INTO `items` VALUES ('21', '2013-04-30 11:20:26', '0', '3', '0', '0', '前不久买的手机皮套，自己从没用过，买的时候是35元，自己还有一个其他的手机套', null, '2013-04-30 11:20:26', '索尼LT26I手机皮套', '20', '2', '5');
INSERT INTO `items` VALUES ('22', '2013-02-20 11:25:26', '0', '3', '0', '0', '这是超薄磨砂手机保护套     我摆过地摊     现在另有别做      现货有有好多     便宜卖了', null, '2013-02-20 11:25:26', '苹果4磨砂保护套', '6', '2', '5');
INSERT INTO `items` VALUES ('23', '2013-02-20 11:20:26', '0', '3', '0', '0', '行货三星i9100G 16g至尊版 白色', null, '2013-02-20 11:20:26', '行货三星i9100G', '2300', '2', '5');
INSERT INTO `items` VALUES ('24', '2013-02-22 09:20:26', '0', '7', '0', '0', '本人有大量普通的电信手机如中兴S160，智能机HTT等手机出售，价格优惠\n', null, '2013-02-22 09:20:26', '大量普通的电信手机', '120', '2', '6');
INSERT INTO `items` VALUES ('25', '2013-02-20 11:20:25', '0', '3', '0', '0', '  ', null, '2013-02-20 11:20:25', '联通手机套餐', '16', '2', '7');
INSERT INTO `items` VALUES ('26', '2013-02-20 19:20:25', '0', '3', '0', '0', '急求diy电线人 或者有卖这个东西的店面 我手机坏了 有的麻烦加扣扣 236702419', null, '2013-02-20 19:20:25', '谁有diy的电线人', '70', '2', '7');
INSERT INTO `items` VALUES ('27', '2013-03-20 19:20:25', '0', '3', '0', '0', '动漫摸样的小鸭子，可以作为精美的小挂件，它的小屁股可以擦手机的屏幕', null, '2013-03-20 19:20:25', '动漫小鸭鸭挂件小玩偶', '3', '2', '7');
INSERT INTO `items` VALUES ('28', '2013-03-20 19:21:25', '0', '3', '0', '0', '无线有线的都有价格优惠，欢迎咨询，还有 个性手机帖钻哦 ，价格绝对优惠，最低只要15块钱而已哦', null, '2013-03-20 19:21:25', '手机壳个性帖钻', '15', '2', '7');
INSERT INTO `items` VALUES ('29', '2013-03-22 19:21:25', '0', '3', '0', '0', '机子95新，票据齐全 非诚勿扰', null, '2013-03-22 19:21:25', 'iphpne4 贱卖 1250', '1250', '2', '7');
INSERT INTO `items` VALUES ('30', '2013-04-22 19:21:25', '0', '2', '0', '0', '本人学生、手机是我自己办理宽带时候定的、现在由于缺钱 求买主、刚买一个星期、全新', null, '2013-04-22 19:21:25', '电信智能手机', '250', '2', '7');
INSERT INTO `items` VALUES ('31', '2013-04-10 19:21:25', '0', '3', '0', '0', '黑色 6成新三星S6108 加送原三星B9062的耳机 原价1099 现价400 ', null, '2013-04-10 19:21:25', '6成新三星S6108 ', '400', '2', '8');
INSERT INTO `items` VALUES ('32', '2013-03-10 19:21:25', '0', '3', '0', '0', '无拆无修，8成新，功能完备', null, '2013-03-10 19:21:25', '诺基亚5233', '300', '2', '8');
INSERT INTO `items` VALUES ('33', '2013-03-11 19:21:25', '0', '3', '0', '0', '8成新,今年2月入手的耳机,很认真的煲过．音色各方面基本已经成形了,因为我个人听音乐的习惯．低音的表现是最强的,听Ｒ＆Ｂ和交响乐效果最好．', null, '2013-03-11 19:21:25', 'AERIAL7 Phoenix系列', '300', '3', '1');
INSERT INTO `items` VALUES ('34', '2013-03-15 19:21:25', '0', '3', '0', '0', '九成新。无质量问题，价格实惠，因毕业所以转让，请放心购买！', null, '2013-03-15 19:21:25', '步步高英语学习机', '299', '3', '1');
INSERT INTO `items` VALUES ('35', '2013-04-15 19:21:25', '0', '23', '0', '0', '现有买不到一年的福喜赛克电车1700元  保险箱180元通通处理了', null, '2013-04-15 19:21:25', '电车 保险箱', '180', '3', '2');
INSERT INTO `items` VALUES ('36', '2013-03-15 13:21:25', '0', '3', '0', '0', '保证原装魔声耳机！假一罚百！诚信做人！需要的直接民大附近试机！', null, '2013-03-15 13:21:25', '魔声solo hd原装二手', '388', '3', '2');
INSERT INTO `items` VALUES ('37', '2013-03-14 13:21:25', '0', '3', '0', '0', '99%新，本人手绘板买于2013年5月中旬，是想买来做毕业设计的，现在要毕业了由于不从事本专业工作所以想转卖掉，%>_<%~真的真的跟全新差不多，就用了一两次，包装里面各种东西原封不动的都在，可验货~', null, '2013-03-15 13:21:25', 'WECOM手绘板', '580', '3', '2');
INSERT INTO `items` VALUES ('38', '2013-03-14 10:21:25', '0', '3', '0', '0', '真正的高清1920*1080全格式视频播放 HDMI输出 韩国telechips公司的TCC8901主控cpu.台湾原装4..3寸统宝显示屏，显示效果清晰而细腻，自带8GB内存FM收音机，这个配置的可以说是MP4行业里最高顶级用料啦！', null, '2013-03-14 10:21:25', '超高清视频播放器', '260', '3', '2');
INSERT INTO `items` VALUES ('39', '2013-03-18 10:21:25', '0', '65', '0', '0', '卖得比淘宝还便宜，亲你还在等什么，快点行动吧！', null, '2013-03-18 10:21:25', '全新六品移动电源', '55', '3', '3');
INSERT INTO `items` VALUES ('40', '2013-03-20 10:21:25', '0', '3', '0', '0', '港行机子，全新的，可以任验机子', null, '2013-03-20 10:21:25', '苹果苹果4s', '3000', '3', '3');
INSERT INTO `items` VALUES ('41', '2013-03-20 10:22:25', '0', '3', '0', '0', '一个 15w吉他练习音箱 九成新 音色好 200元，一个 吉他单块效果器 处理失真音色 150元，效果器电源送的原来买是没有的 电源我自己的。可以单买可以两个一起买，可以的话我还能再赔点钱，', null, '2013-03-20 10:22:25', '吉他音箱一个', '200', '3', '3');
INSERT INTO `items` VALUES ('42', '2013-04-20 10:22:25', '0', '3', '0', '0', '有魔声solo HD面条mic.各种DIY耳机！价格优惠！欢迎询价！', null, '2013-04-20 10:22:25', '原装魔声各种耳机出售', '380', '3', '4');
INSERT INTO `items` VALUES ('43', '2013-04-20 10:25:25', '0', '3', '0', '0', '不要就转了、9成新。要的速度', null, '2013-04-20 10:25:25', '腾达路由器挥泪转了', '30', '3', '4');
INSERT INTO `items` VALUES ('44', '2013-04-25 10:25:25', '0', '3', '0', '0', '四六级考试必备收音机 买就送南孚电池和数码相机包', null, '2013-04-25 10:25:25', '四六级考试必备收音机', '15', '3', '5');
INSERT INTO `items` VALUES ('45', '2013-04-25 10:25:30', '0', '3', '0', '0', 'touch4 8g 已愉悅 配件齊全。木問題 在西大聯繫小靈通6193452，', null, '2013-04-25 10:25:30', 'Touch4 8g ', '587', '3', '5');
INSERT INTO `items` VALUES ('46', '2013-04-30 10:25:30', '0', '3', '0', '0', '本人购置的散热器原价为35，后来没怎么用，一直放着，现在低价卖出去，有意者请私信，非诚勿扰', null, '2013-04-30 10:25:30', '笔记本电脑散热器', '10', '3', '6');
INSERT INTO `items` VALUES ('47', '2013-02-10 10:25:30', '0', '3', '0', '0', '转让中国吉他教材网的,2013升级版吉他培训自学教程,DVD套装', null, '2013-02-10 10:25:30', '吉他培训自学教程', '198', '4', '1');
INSERT INTO `items` VALUES ('48', '2013-02-22 10:25:30', '0', '3', '0', '0', '国家职业资格培训教程    国家职业资格四级', null, '2013-02-22 10:25:30', '考证资料 高级营销师', '30', '4', '1');
INSERT INTO `items` VALUES ('49', '2013-04-22 10:25:30', '0', '234', '0', '0', '环球雅思保6争6.5，交了一万块的钱一直没去学，又不能退，亏5000，有同学要考雅思的就转给你吧，祝你们考出好分数。', null, '2013-04-22 10:25:30', '环球雅思英语包过6分班', '5000', '4', '2');
INSERT INTO `items` VALUES ('50', '2013-04-22 10:10:30', '0', '3', '0', '0', '一时冲动买的吉他，后来三分钟热度就没弹，总共弹的时间加起来不过两个小时。在广西艺术学院对面买的。', null, '2013-04-22 10:10:30', '品牌吉他 买的时候430', '300', '4', '2');
INSERT INTO `items` VALUES ('51', '2013-04-22 10:10:01', '0', '3', '0', '0', '吉他，sx牌。有兴趣联系本人，送一套炫，接小刀', null, '2013-04-22 10:10:01', '吉他,sx 牌', '380', '4', '2');
INSERT INTO `items` VALUES ('52', '2013-05-22 10:10:01', '0', '3', '0', '0', '本来是买给我女朋友当生日礼物的，可是,,,,,,,,唉！用不到一个月，而且我不会弹，压根就没有用过！绝对没有质量问题，可以小刀~~~送你一个黑色包包哦\n', null, '2013-05-22 10:10:01', '诺艾手卷钢琴', '288', '4', '2');
INSERT INTO `items` VALUES ('53', '2013-05-10 10:10:01', '0', '3', '0', '0', '我觉得利用课余时间学习一门软件，特别是例如PS软件，对功课不算很紧的学生来说是个很好的选择。', null, '2013-05-10 10:10:01', '完整PS视频教程', '30', '4', '2');
INSERT INTO `items` VALUES ('54', '2013-05-10 10:10:10', '0', '3', '0', '0', '   3教材+3高分预测试卷 人民版 送课件 ', null, '2013-05-10 10:10:10', '会计从业资格考试', '140', '4', '3');
INSERT INTO `items` VALUES ('55', '2013-05-10 10:19:10', '0', '3', '0', '0', '2013广西公务员录用考试面试教材 面试技巧 真题 热点 华图教育', null, '2013-05-10 10:19:10', '公务员录用考试面试教材', '29', '4', '3');
INSERT INTO `items` VALUES ('56', '2013-05-11 10:19:10', '0', '435', '0', '0', '全新学士服出租，专业摄影服务，每件每天5月特价仅需5块一天，需要者速度联系，过了就没有了哦', null, '2013-05-11 10:19:10', '毕业摄影服务', '5', '4', '3');
INSERT INTO `items` VALUES ('57', '2013-05-11 10:40:10', '0', '3', '0', '0', '泰国竹笛 化妆篮 世界地图 中国地图磁铁拼图', null, '2013-05-13 10:40:10', '泰国竹笛 化妆篮', '10', '4', '3');
INSERT INTO `items` VALUES ('58', '2013-05-13 10:40:10', '0', '3', '0', '0', '9新的鼓，只有少许练习痕迹，之前玩乐队现在不玩了，所以出手，2000多买回', null, '2013-05-13 10:40:10', 'MES q7 架子鼓一套', '1800', '4', '4');
INSERT INTO `items` VALUES ('59', '2013-05-13 10:40:14', '0', '3', '0', '0', '一、政治、2013年考研任任汝芬系列一、二、三、四。考研政治肖秀荣《历年真是解析》、《1000题》，《考点精背》。二、英语、慧英考研辅导班英语全部资料及录音。星火《联想记忆考研词汇》、《30篇文章贯通考研词汇》、《星火作文预测100篇》。', null, '2013-05-13 10:40:14', '考研政治、英语及部分专业课资料', '100', '4', '4');
INSERT INTO `items` VALUES ('60', '2013-05-13 20:40:14', '0', '3', '0', '0', '考研结束了，现在以普通价格出售考研书籍练习册', null, '2013-05-13 20:40:14', '考研书籍(英语、政治练习册)', '100', '4', '4');
INSERT INTO `items` VALUES ('61', '2013-05-13 20:40:14', '0', '234', '0', '0', '很厚很大的一本  当时买时110   支持验货   现在只卖50    只因太重  带不回家  QQ315511863', null, '2013-05-14 20:40:14', '英汉大词典 ', '50', '4', '4');
INSERT INTO `items` VALUES ('62', '2013-05-13 20:12:14', '0', '3', '0', '0', '本人有很多大学用书   尤其针对英语专业学生   想考级的学生找我吧 Q315511863', null, '2013-05-13 20:12:14', '大学学生学习资料', '5', '4', '5');
INSERT INTO `items` VALUES ('63', '2013-05-15 20:12:14', '0', '12', '0', '0', '处理一批泰语书本及工具书：泰汉词典，汉泰字典，泰语一册---六册书本，及一些辅助泰语学习资料，有意请联系。', null, '2013-05-15 20:12:14', '泰语词典及其他资料书', '30', '4', '5');
INSERT INTO `items` VALUES ('64', '2013-05-14 10:12:14', '0', '3', '0', '0', '麻布手工本　民族花布　创意礼品,每个样式只有一本，独一无二 价格为9~29元不等', null, '2013-05-14 10:12:14', '全新手工笔记本', '15', '4', '6');
INSERT INTO `items` VALUES ('65', '2013-05-16 10:12:14', '0', '3', '0', '0', '毕业大甩卖，原价250，只用了半年，可折叠，展开1米8，折叠后可放宿舍床铺使用。', null, '2013-05-16 10:12:14', '床上凉席', '30', '5', '1');
INSERT INTO `items` VALUES ('66', '2013-05-16 10:30:14', '0', '87', '0', '0', '本人即将毕业回家，低价甩卖洗衣机，8成新，价格面议', null, '2013-05-16 10:30:14', '小鸭牌单人双筒洗衣机', '180', '5', '1');
INSERT INTO `items` VALUES ('67', '2013-05-16 11:30:14', '0', '3', '0', '0', '由于本人准备离开南宁了，现在有原来没有卖完的一批，一箱多（一箱12双，基本全码）', null, '2013-05-16 11:30:14', '品牌运动鞋', '1', '5', '1');
INSERT INTO `items` VALUES ('68', '2013-05-16 11:10:14', '0', '3', '0', '0', '大量供应宿舍专用精美床帘，10/张（2米*1.2米）,薄利多销，款式精美', null, '2013-05-16 11:10:14', '精美床帘', '10', '5', '2');
INSERT INTO `items` VALUES ('69', '2013-05-17 11:10:14', '0', '3', '0', '0', '大一的时候在宿舍开了一个小卖部，进了20个双面胶，现在课多，不开了。', null, '2013-05-17 11:10:14', '全新的双面胶', '15', '5', '2');
INSERT INTO `items` VALUES ('70', '2013-05-17 11:40:14', '0', '3', '0', '0', '毕业大处理急求转手速来选购', null, '2013-05-17 11:40:14', '风扇 台灯 床上电脑桌', '10', '5', '3');
INSERT INTO `items` VALUES ('71', '2013-05-17 15:40:14', '0', '3', '0', '0', '大二买的床上电脑桌，有需要的同学10元拿去，住在4坡12栋', null, '2013-05-17 17:40:14', '床上电脑桌', '10', '5', '3');
INSERT INTO `items` VALUES ('72', '2013-05-18 11:40:14', '0', '3', '0', '0', '上周行健商业街，自己弄了一批精品表，现在还剩40多块，亏本大处理了', null, '2013-05-18 11:40:14', '学生商业街精品手表', '15', '5', '3');
INSERT INTO `items` VALUES ('73', '2013-05-18 11:50:14', '0', '3', '0', '0', '很火滴一款唇蜜，当时看到以为没这么炫就顺手买回来啦。还有一支颜色超正滴小样（只可惜我无福消受这种妆容）。', null, '2013-05-18 11:50:14', '唇蜜', '12', '5', '4');
INSERT INTO `items` VALUES ('74', '2013-05-12 11:50:14', '0', '3', '0', '0', '丝瓜美颜嫩肤乳 50ml，丝瓜晚安冻膜 正品150ml ，芭蓓萃丝瓜水 正品150ml ，芭蓓萃 丝瓜美白洁面乳120ml ，九成新', null, '2013-05-16 11:50:14', '护肤套装', '68', '5', '4');
INSERT INTO `items` VALUES ('75', '2013-05-11 11:50:14', '0', '3', '0', '0', ' 亲！大学生、毕业季！大学生活里你有体验过露营吗？如果没有的话那赶紧行动吧！', null, '2013-05-11 11:50:14', '露营帐篷出租', '25', '5', '4');
INSERT INTO `items` VALUES ('76', '2013-06-11 11:50:14', '0', '3', '0', '0', '我从网上买的洗面奶，二了一下，不小心多拍了一个，又用不了那么多，忍痛割爱，转卖出去！（是237ml的哦~）', null, '2013-06-11 11:50:14', '丝塔芙洗面奶', '60', '5', '4');
INSERT INTO `items` VALUES ('77', '2013-06-11 10:50:14', '0', '3', '0', '0', '大功率发廊专用吹风机，2000W，四档，不可折叠，冷热集风嘴＋散风嘴 尺寸:高28cm 长24cm 以上', null, '2013-06-11 10:50:14', '大功率吹风机', '30', '5', '4');
INSERT INTO `items` VALUES ('78', '2013-06-14 10:50:14', '0', '3', '0', '0', '席子被子都是女生自用品，经常翻洗晾晒，军被是哥哥退伍时从部队带回来的，绝对正品，现在便宜转让了，先到先得！', null, '2013-06-14 10:50:14', '竹席加正宗军被', '30', '5', '5');
INSERT INTO `items` VALUES ('79', '2013-06-14 10:10:14', '0', '3', '0', '0', '夏天睡的席子可以用蓝色的那把做清洁  电脑用粉紫色的清洁  好用不贵', null, '2013-06-14 10:10:14', '床刷 电脑刷', '5', '5', '5');
INSERT INTO `items` VALUES ('80', '2013-06-14 16:10:14', '0', '3', '0', '0', '夏天背个小布包清新而不重  如需来广西民族大学自取', null, '2013-06-14 16:10:14', '夏日小背包', '10', '5', '5');
INSERT INTO `items` VALUES ('81', '2013-06-14 16:20:14', '0', '3', '0', '0', '学生自用 送镜子一个', null, '2013-06-14 16:20:14', '小书桌', '10', '5', '6');
INSERT INTO `items` VALUES ('82', '2013-06-14 16:40:14', '0', '3', '0', '0', '鞋子 全新  正品  无下地  适合 外场实战      本人毕业即将离校   有需要的联系   如家白送', null, '2013-06-14 16:40:14', '罗斯团队戈登PE', '369', '6', '1');
INSERT INTO `items` VALUES ('83', '2013-06-14 20:40:14', '0', '3', '0', '0', '正品 全新PLEOMAX/三星电脑包 派乐士背包', null, '2013-06-14 20:40:14', '三星电脑包', '120', '6', '8');
INSERT INTO `items` VALUES ('84', '2013-06-11 20:40:14', '0', '3', '0', '0', '网球拍很新，基本没有用过，有需要的请联系我', null, '2013-06-11 20:40:14', '8成新网球拍', '60', '6', '1');
INSERT INTO `items` VALUES ('85', '2013-06-11 13:40:14', '0', '3', '0', '0', '95新，三分钟热度，买回来又不用。你懂的！', null, '2013-06-11 13:40:14', '呼啦圈', '8', '6', '1');
INSERT INTO `items` VALUES ('86', '2013-06-19 13:40:14', '0', '3', '0', '0', '热转印设备一台，使用次数不到50次，08年毕业了闲置很久，原价1400现350元转了，希望有创业精神的同学拿走~', null, '2013-06-19 13:40:14', '热转印设备一台', '350', '6', '2');
INSERT INTO `items` VALUES ('87', '2013-06-17 13:40:14', '0', '3', '0', '0', '本车只租不卖，专为周边学校学生出租，30元一天', null, '2013-06-17 13:40:14', '美利达13款公爵360 ', '30', '6', '2');
INSERT INTO `items` VALUES ('88', '2013-06-16 13:40:14', '0', '3', '0', '0', '2007年买的单板WATSON民谣吉他，音色好，琴质优。希望找个懂音乐的买家，可以收藏。', null, '2013-06-16 13:40:14', '民谣吉他', '1500', '6', '2');
INSERT INTO `items` VALUES ('89', '2013-06-16 14:40:14', '0', '3', '0', '0', '当初学校那60买的，只用了两次，就一直放着，完好如初，也可以当收音机用，可以收大部分的频道，联系我时说在58看到的就行', null, '2013-06-16 14:40:14', '四六级耳机', '25', '6', '2');
INSERT INTO `items` VALUES ('90', '2013-06-16 14:20:14', '0', '3', '0', '0', '物美价廉！超值！市内免费送货', null, '2013-06-16 14:20:14', '健身用品', '1', '6', '3');
INSERT INTO `items` VALUES ('91', '2013-06-16 16:20:14', '0', '3', '0', '0', '95成新伙伴溜冰鞋，买时280元，买来穿了3次，没兴趣就不玩了，所以求有兴趣的朋友接手，南宁市内可送货上门。', null, '2013-06-16 16:20:14', '溜冰鞋', '99', '6', '3');
INSERT INTO `items` VALUES ('92', '2013-06-16 16:40:14', '0', '3', '0', '0', '本校大一市场已经饱和，剩余一批文具货。现在想转让出去，具体销售方法可以教你。', null, '2013-06-16 16:40:14', '学生自卖文具', '700', '6', '3');
INSERT INTO `items` VALUES ('93', '2013-06-16 16:35:14', '0', '3', '0', '0', '可爱实用的笔筒   如需   请来校自取', null, '2013-06-16 16:35:14', '笔筒送帽子', '10', '6', '3');
INSERT INTO `items` VALUES ('94', '2013-06-16 16:15:14', '0', '3', '0', '0', '三支一副的羽毛球拍 还送篮球一个 羽毛球一桶 球针一', null, '2013-06-16 16:15:14', '羽毛球拍', '15', '6', '4');
INSERT INTO `items` VALUES ('95', '2013-01-16 16:15:14', '0', '3', '0', '0', '轮滑鞋劲道853，黑色经典，41码，8成新，300闷忍痛割爱转手！！。学习专业平地花式动作的不错选择。尽快联系我', null, '2013-01-16 16:15:14', '轮滑鞋劲道853 ', '300', '6', '4');
INSERT INTO `items` VALUES ('96', '2013-02-16 16:15:14', '0', '3', '0', '0', '包包从买来到现在只背过一次，大部分都是放在柜子里，买的时候是两百左右，现在临近毕业，急需钱用，有意者请电话联系或者qq944713510，非诚勿扰', null, '2013-02-16 16:15:14', '单肩斜挎包', '90', '6', '5');
INSERT INTO `items` VALUES ('97', '2013-02-11 16:15:14', '0', '3', '0', '0', '学生上课用的计算器，有两个，现在闲置在家，低价出售。十元一个。', null, '2013-02-11 16:15:14', '计算器', '10', '6', '5');
INSERT INTO `items` VALUES ('98', '2013-03-11 16:15:14', '0', '3', '0', '0', '全新物品。。别人送的背包~~切尔西的。。一直还没动过呢。都是闲置着~丢着也浪费了。还不如换零花钱。蓝白相间的~~切尔西主场颜色~~有想法的朋友可以联系·同是·切尔西发烧球友赶紧联系。。', null, '2013-03-11 16:15:14', '双肩背包', '50', '6', '5');
INSERT INTO `items` VALUES ('99', '2013-03-16 16:15:14', '0', '3', '0', '0', '本人有一批全新电箱木吉他低价处理，音色优美，欢迎各大音乐爱好者前来试音，满意才成交。', null, '2013-03-16 16:15:14', '电箱木吉他', '399', '6', '6');
INSERT INTO `items` VALUES ('100', '2013-03-17 16:15:14', '0', '3', '0', '0', '  ', null, '2013-03-17 16:15:14', '牛仔裤', '2', '7', '1');
INSERT INTO `items` VALUES ('101', '2013-02-17 16:15:14', '0', '3', '0', '0', '全新，需要的同学 ，可以联系我 ...', null, '2013-02-17 16:15:14', '梦幻球', '60', '7', '8');
INSERT INTO `items` VALUES ('102', '2013-02-17 20:15:14', '0', '3', '0', '0', '本人花6000元在校外参加培训班的资料，有视频教程，源代码，教学日志…有需要的同学请联系我', null, '2013-02-17 20:15:14', 'JAVA高级教程', '300', '7', '8');
INSERT INTO `items` VALUES ('103', '2013-03-17 20:15:14', '0', '3', '0', '0', '现有一批九成新学校专用的铁架床要转让，大概规格为长×宽=163cm×60cm配有床板，160元；和一批学生课桌转让70元，欢迎来电咨询洽谈。', null, '2013-03-17 20:15:14', '铁架床', '1', '7', '7');
INSERT INTO `items` VALUES ('104', '2013-03-12 20:15:14', '0', '3', '0', '0', '本人有两份电影票+食品券（爆米花+饮料） 因为没时间去看，现低价出售100元四张券,非诚勿扰，谢谢！', null, '2013-03-12 20:15:14', '电影票+食品券', '50', '7', '7');
INSERT INTO `items` VALUES ('105', '2013-03-12 11:15:14', '0', '3', '0', '0', '前不久买的手机皮套，自己从没用过，买的时候是35元，自己还有一个其他的手机套', null, '2013-03-12 11:15:14', '索尼LT26I手机皮套', '20', '7', '6');
INSERT INTO `items` VALUES ('106', '2013-03-12 11:52:14', '0', '3', '0', '0', '去年暑假，摆摊还剩衣服17件，之前拿货都是16， 17的。现在只需10块钱，如果真心想要的话，150块，全部拿去。。。', null, '2013-03-12 11:52:14', '衣服转让', '10', '7', '6');
INSERT INTO `items` VALUES ('107', '2013-03-18 11:52:14', '0', '3', '0', '0', '此款是2011年 流行的潮流鞋  绝对正品  支持验货！！！保证全新！！', null, '2013-03-18 11:52:14', '李宁运动鞋 ', '88', '7', '6');
INSERT INTO `items` VALUES ('108', '2013-03-14 11:52:14', '0', '3', '0', '0', '南宁有大量的二手钢琴出售，YAMAHA，KAWAI，英昌，三益，DIPASON，好路歌，所罗门，阿波罗等，便宜清仓出售，欢迎选购！', null, '2013-03-14 11:52:14', '二手钢琴', '6800', '7', '6');
INSERT INTO `items` VALUES ('109', '2013-03-19 11:52:14', '0', '3', '0', '0', '刚买几个月，成色完美，没有破损！爱华仕箱包质量你懂的！！出差旅行无压力！！ 后面4张图是我网上截的，包包是一样的！ 中意的Q聊3056本人机电学院学生33270', null, '2013-03-19 11:52:14', '旅行背包', '50', '7', '5');
INSERT INTO `items` VALUES ('110', '2013-03-19 11:25:14', '0', '3', '0', '0', ' 自用ipad 1代  配件全 无维史 低价出1800元 去年刚买的机子，九成新，没有修过的，买了笔记本后，基本没怎么用，配件基本都还在哦，我拍了几张实物图，朋友可以看看，有意向的朋友联系我小灵通6193452QQ：240086736', null, '2013-03-19 11:25:14', 'iPad 1代', '1299', '7', '5');
INSERT INTO `items` VALUES ('111', '2013-03-25 11:25:14', '0', '3', '0', '0', 'QQ代充1个月2个月3个月 可以面议 只限水电学院的学生', null, '2013-03-25 11:25:14', 'QQ会员1个月代充', '7', '7', '4');
INSERT INTO `items` VALUES ('112', '2013-04-25 11:25:14', '0', '3', '0', '0', '韩国编织手表，之前是拿来摆地摊卖的。现在南宁又搞五乱了，摆不了了。手表手工编织，可配两个字母串珠', null, '2013-04-25 11:25:14', '),手表,手链', '22', '7', '3');
INSERT INTO `items` VALUES ('113', '2013-04-21 11:25:14', '0', '3', '0', '0', '本人亲戚做商场服装，撤柜后余下30来件夏装。现在以60元一件销售。有需要的联系QQ 2440750228.如果想拿去做生意，就再谈价格吧，反正是亏了一大截，商场品牌进货很贵的。', null, '2013-04-21 11:25:14', '夏天服装', '60', '7', '3');
INSERT INTO `items` VALUES ('114', '2013-04-21 11:12:14', '0', '3', '0', '0', '正版80厘米泰迪熊,超可爱 趴趴熊猫 毛绒玩具 公仔 娃娃 抱枕 靠垫 生日礼物', null, '2013-04-21 11:12:14', '毛绒玩具', '30', '7', '3');
INSERT INTO `items` VALUES ('115', '2013-04-16 11:12:14', '0', '3', '0', '0', '由于要离开南宁，所以以前摆地摊卖的鞋子还剩下一些，大概三十多双。', null, '2013-04-16 11:12:14', '正宗老北京布鞋', '18', '7', '2');
INSERT INTO `items` VALUES ('116', '2013-04-16 11:30:14', '0', '3', '0', '0', '学生自己用的助力车，学校不准开，外表有点破，发动机很好很省油！500！', null, '2013-04-16 11:30:14', '自用助力车', '500', '7', '2');
INSERT INTO `items` VALUES ('117', '2013-04-20 11:30:14', '0', '3', '0', '0', '该冰淇淋机子2011年六月份买的，八成新，现机子在高新二小门口的店里，正在正常使用中，没有任何问题和毛病，', null, '2013-04-20 11:30:14', '冰淇淋机子', '1500', '7', '2');
INSERT INTO `items` VALUES ('118', '2013-05-20 11:30:14', '0', '3', '0', '0', '一个3元总共20个，比较超值的系列盒子，属于物美价廉型，材质是比较薄的密度板，很超值啦，要的话联系我哦，不议价，非诚勿扰', null, '2013-05-20 11:30:14', '礼品包装盒子', '60', '7', '1');
INSERT INTO `items` VALUES ('119', '2013-06-20 11:30:14', '0', '3', '0', '0', '木质学生课桌和凳子急出售', null, '2013-06-20 11:30:14', '学生课桌和凳子', '50', '7', '1');
INSERT INTO `items` VALUES ('120', '2013-06-20 11:50:14', '0', '3', '0', '0', '全新原盒 清理鞋柜  42 43的童鞋都可以驾驭 西大面交 支持各种验货 我自己连厂货都不碰 更别说伤脚的福建莆田高仿了   全新原盒 QQ164050010  无瑕疵无溢胶无下地 ', null, '2013-06-20 11:50:14', '篮球鞋', '380', '7', '1');
INSERT INTO `items` VALUES ('121', '2013-01-20 11:50:14', '0', '3', '0', '0', '西大面交  学生党不去小黑屋 元旦梦之岛专柜250收回来的  没拿小票  没有背出去过 当时打折买了两个打算和女朋友一人一个的  可以装得下15寸的本本 算大的', null, '2013-01-20 11:50:14', '斜跨单肩包包', '220', '7', '1');
INSERT INTO `items` VALUES ('122', '2013-01-20 12:50:14', '0', '3', '0', '1', '销售第五代充值软件，可以充任何一款网游，电信，联通，移动话费，开网店非常实用。还可以开设下级代理，功能强大。有意者电话联系', null, '2013-01-20 12:50:14', '充值软件', '200', '7', '1');
INSERT INTO `items` VALUES ('129', '2013-06-24 21:13:03', '0', '0', '1', '0', '去年暑假，摆摊还剩衣服17件，之前拿货都是16， 17的。现在只需10块钱，如果真心想要的话，150块，全部拿去。。。', null, '2013-06-25 04:15:02', '测试用品', '80', '1', '1');
INSERT INTO `items` VALUES ('133', '2013-06-24 21:48:51', '0', '0', '1', '0', '如对此幅度女哈与速度更', null, '2013-06-25 03:49:05', '啊啊啊啊而柔软而', '50', '5', '1');

-- ----------------------------
-- Table structure for `records`
-- ----------------------------
DROP TABLE IF EXISTS `records`;
CREATE TABLE `records` (
  `id` bigint(20) NOT NULL AUTO_INCREMENT,
  `extra` varchar(255) DEFAULT NULL,
  `occur_time` datetime NOT NULL,
  `item_id` bigint(20) NOT NULL,
  PRIMARY KEY (`id`),
  KEY `FK_sqry6fbulv26pkvd38nwqh2y9` (`item_id`),
  CONSTRAINT `FK_sqry6fbulv26pkvd38nwqh2y9` FOREIGN KEY (`item_id`) REFERENCES `items` (`id`)
) ENGINE=InnoDB AUTO_INCREMENT=6 DEFAULT CHARSET=utf8;

-- ----------------------------
-- Records of records
-- ----------------------------
INSERT INTO `records` VALUES ('1', null, '2013-06-24 05:02:19', '3');
INSERT INTO `records` VALUES ('2', null, '2013-06-25 04:05:28', '129');
INSERT INTO `records` VALUES ('3', null, '2013-06-25 04:10:31', '63');
INSERT INTO `records` VALUES ('4', null, '2013-06-25 04:12:51', '5');
INSERT INTO `records` VALUES ('5', null, '2013-06-25 04:14:41', '122');

-- ----------------------------
-- Table structure for `users`
-- ----------------------------
DROP TABLE IF EXISTS `users`;
CREATE TABLE `users` (
  `id` bigint(20) NOT NULL AUTO_INCREMENT,
  `account` varchar(18) NOT NULL,
  `blocked` tinyint(1) DEFAULT NULL,
  `contact` varchar(255) NOT NULL,
  `last_login_time` datetime DEFAULT NULL,
  `login_times` int(11) DEFAULT NULL,
  `nick` varchar(7) NOT NULL,
  `password` varchar(32) NOT NULL,
  `real_name` varchar(4) NOT NULL,
  `register_time` datetime DEFAULT NULL,
  PRIMARY KEY (`id`)
) ENGINE=InnoDB AUTO_INCREMENT=59 DEFAULT CHARSET=utf8;

-- ----------------------------
-- Records of users
-- ----------------------------
INSERT INTO `users` VALUES ('1', 'longkai', '0', '14795633343', '2013-06-14 17:29:45', '1', '爱因斯坦的狗', 'e10adc3949ba59abbe56e057f20f883e', '龙凯', '2013-06-14 17:29:45');
INSERT INTO `users` VALUES ('2', 'hello', '0', '14795633343', '2013-06-04 17:29:51', '2', '斯诺登', 'e10adc3949ba59abbe56e057f20f883e', '你好', '2013-06-04 17:29:51');
INSERT INTO `users` VALUES ('3', 'world', '0', '14795633343', '2013-06-23 17:29:55', '3', '我叫拜登', 'e10adc3949ba59abbe56e057f20f883e', '世界', '2013-06-23 17:29:55');
INSERT INTO `users` VALUES ('4', 'test123', '0', '14795633343', '2013-06-02 17:29:57', '4', '我叫Obama', 'e10adc3949ba59abbe56e057f20f883e', '测试', '2013-06-02 17:29:57');
INSERT INTO `users` VALUES ('5', 'qweasd', '0', '18775355046', '2013-06-23 17:30:01', '5', '西瓜不甜', 'e10adc3949ba59abbe56e057f20f883e', '284', '2013-06-23 17:30:01');
INSERT INTO `users` VALUES ('6', '123456', '0', '13517770649', '2013-05-27 17:30:05', '6', '2B', 'e10adc3949ba59abbe56e057f20f883e', '石家雄', '2013-05-27 17:30:05');
INSERT INTO `users` VALUES ('7', 'd123456', '0', '14795633343', '2013-06-03 17:30:09', '7', 'SB', 'e10adc3949ba59abbe56e057f20f883e', '梁田', '2013-06-03 17:30:09');
INSERT INTO `users` VALUES ('8', 'c123456', '0', '14795633343', '2013-06-24 17:30:13', '8', 'SB2', 'e10adc3949ba59abbe56e057f20f883e', '梁田2', '2013-06-24 17:30:13');
INSERT INTO `users` VALUES ('57', 'a123456', '0', '14795633343', '2013-06-24 23:22:00', '0', '蝴蝶', 'e10adc3949ba59abbe56e057f20f883e', '如此女', '2013-06-24 23:20:22');
INSERT INTO `users` VALUES ('58', 'b123456', '0', '14795633343', '2013-06-24 23:24:47', '0', '格律', 'e10adc3949ba59abbe56e057f20f883e', '妇女', '2013-06-24 23:24:47');
